10,John,Gordon,johngor@gmail.com,
2,Welby,Hedon,whedon1@about.me,
3,Jacinthe,Sheers,jsheers2@blinklist.com,
4,Pris,Lawry,plawry3@japanpost.jp,
5,Martguerita,Fyall,mfyall4@shareasale.com,
6,Danny,Fusedale,dfusedale5@fotki.com,
7,Erin,Slowgrove,eslowgrove6@nbcnews.com,
8,Carita,Yakebovich,cyakebovich7@gmpg.org,
9,Kimberli,Winscomb,kwinscomb8@nymag.com,
10,Rey,Meedendorpe,rmeedendorpe9@japanpost.jp,
11,Norry,Konke,nkonkea@hatena.ne.jp,
12,Dotty,Angelo,dangelob@blogtalkradio.com,
13,Gard,Sangra,gsangrac@rambler.ru,
14,Lacey,Endrighi,lendrighid@aol.com,
15,Kat,Band,kbande@xrea.com,
16,Orbadiah,Casotti,ocasottif@123-reg.co.uk,
17,Ali,Doogan,adoogang@cmu.edu,
18,Carena,McCallum,cmccallumh@vinaora.com,
19,Drucy,Boam,dboami@va.gov,
20,Humfrid,Tuvey,htuveyj@symantec.com,
21,Amalle,Beresfore,aberesforek@usa.gov,
22,Quinta,McRill,qmcrilll@opensource.org,
23,Lucie,Heephy,lheephym@jigsy.com,
24,Zarla,Lancetter,zlancettern@yandex.ru,
25,Allison,Dilawey,adilaweyo@artisteer.com,
26,Ibrahim,Rubinovici,irubinovicip@typepad.com,
27,Brenden,O'Currigan,bocurriganq@1688.com,
28,Jobye,MacCosty,jmaccostyr@nih.gov,
29,Corena,Weldrake,cweldrakes@fda.gov,
30,Sidnee,Klainer,sklainert@barnesandnoble.com,
31,Winnifred,Just,wjustu@ycombinator.com,
32,Rogers,Smaridge,rsmaridgev@gravatar.com,
33,Jobina,McFeat,jmcfeatw@deliciousdays.com,
34,Milton,Edington,medingtonx@tmall.com,
35,Bar,Bonifant,bbonifanty@hibu.com,
36,Che,Straneo,cstraneoz@sina.com.cn,
37,Letizia,Roderick,lroderick10@umich.edu,
38,Harcourt,Rosborough,hrosborough11@nyu.edu,
39,Viviene,Lehrian,vlehrian12@economist.com,
40,Abbi,Hainge,ahainge13@washington.edu,
41,Patty,Fozzard,pfozzard14@ning.com,
42,Fianna,Gateman,fgateman15@sitemeter.com,
43,Lannie,Robertot,lrobertot16@epa.gov,
44,Nana,Moncur,nmoncur17@house.gov,
45,Gratia,Cornelius,gcornelius18@bloglines.com,
46,Goraud,Mocquer,gmocquer19@comcast.net,
47,Eberto,O'Lagen,eolagen1a@dot.gov,
48,Araldo,Shrimptone,ashrimptone1b@desdev.cn,
49,Zelma,Wickman,zwickman1c@tripod.com,
50,Tonnie,Karpov,tkarpov1d@netscape.com,
51,Quintin,Stovine,qstovine1e@nih.gov,
52,Mohandas,Gowanlock,mgowanlock1f@quantcast.com,
53,Penny,Cothey,pcothey1g@alexa.com,
54,Sondra,Steffens,ssteffens1h@ezinearticles.com,
55,Nickie,Rathbourne,nrathbourne1i@google.ru,
56,Hercule,Dobbin,hdobbin1j@bloomberg.com,
57,Vinny,Hill,vhill1k@hp.com,
58,Demott,McGrail,dmcgrail1l@wikimedia.org,
59,Lenna,Tootin,ltootin1m@cpanel.net,
60,Nevsa,Wilstead,nwilstead1n@narod.ru,
61,Earvin,Aulsford,eaulsford1o@privacy.gov.au,
62,Amerigo,Hartas,ahartas1p@statcounter.com,
63,Charlotte,Crockatt,ccrockatt1q@marriott.com,
64,Brandon,Baggallay,bbaggallay1r@livejournal.com,
65,Moe,Hambridge,mhambridge1s@ebay.com,
66,Electra,Spurdon,espurdon1t@wikispaces.com,
67,Teresita,Atkins,tatkins1u@berkeley.edu,
68,Peg,Goodinson,pgoodinson1v@privacy.gov.au,
69,Marcie,McElrath,mmcelrath1w@opera.com,
70,Jay,Braznell,jbraznell1x@reverbnation.com,
71,Raeann,Pierton,rpierton1y@yahoo.com,
72,Wendye,Bresland,wbresland1z@hp.com,
73,Jolyn,Speight,jspeight20@aol.com,
74,Elva,Levi,elevi21@marriott.com,
75,Cobbie,Duxbury,cduxbury22@hubpages.com,
76,Reyna,Farmery,rfarmery23@constantcontact.com,
77,Taddeusz,De Gouy,tdegouy24@reverbnation.com,
78,Danny,Gerram,dgerram25@ucsd.edu,
79,Mandie,Penwright,mpenwright26@blogspot.com,
80,Winne,Chritchley,wchritchley27@indiegogo.com,
81,Lind,Kinghorne,lkinghorne28@cnbc.com,
82,Gearalt,Laste,glaste29@fc2.com,
83,Callida,Ludye,cludye2a@amazon.com,
84,Dara,Pinckard,dpinckard2b@ucla.edu,
85,Naomi,Astell,nastell2c@i2i.jp,
86,Candy,Lamport,clamport2d@sciencedirect.com,
87,Zsazsa,Woolfitt,zwoolfitt2e@youku.com,
88,Jessalyn,Wakeford,jwakeford2f@ucoz.com,
89,Tracee,Feye,tfeye2g@mozilla.com,
90,Maud,Wagnerin,mwagnerin2h@github.com,
91,Franz,Scrowton,fscrowton2i@reddit.com,
92,Ardith,Pusey,apusey2j@list-manage.com,
93,Washington,Voice,wvoice2k@marketwatch.com,
94,Lockwood,Padden,lpadden2l@dyndns.org,
95,Hope,Toderi,htoderi2m@fema.gov,
96,Goldarina,Fitzmaurice,gfitzmaurice2n@zimbio.com,
97,Philippine,Hamments,phamments2o@oracle.com,
98,Nellie,Wicks,nwicks2p@cdc.gov,
99,Evy,Gellett,egellett2q@reverbnation.com,
100,Penn,Cheley,pcheley2r@patch.com,
101,Isador,Bower,ibower2s@google.de,
102,Lance,Willows,lwillows2t@nhs.uk,
103,Prudy,Eayres,peayres2u@wordpress.org,
104,Sasha,O'Gorman,sogorman2v@tinypic.com,
105,Anabella,Kliemann,akliemann2w@smh.com.au,
106,Beryl,Kinforth,bkinforth2x@netlog.com,
107,Dorian,Paulton,dpaulton2y@yolasite.com,
108,Berne,Padilla,bpadilla2z@vkontakte.ru,
109,Brandy,Schuricht,bschuricht30@dedecms.com,
110,Tanitansy,Ginner,tginner31@archive.org,
111,Lamont,Whitehead,lwhitehead32@barnesandnoble.com,
112,Catie,Amberg,camberg33@narod.ru,
113,Aeriela,Antonsen,aantonsen34@dion.ne.jp,
114,Terrill,Halden,thalden35@thetimes.co.uk,
115,Emmeline,Parton,eparton36@google.com.br,
116,Krispin,Corkhill,kcorkhill37@altervista.org,
117,Tades,Bushe,tbushe38@multiply.com,
118,Dela,Thomann,dthomann39@barnesandnoble.com,
119,Georgi,Wondraschek,gwondraschek3a@edublogs.org,
120,Beverie,Sprionghall,bsprionghall3b@pinterest.com,
121,Christine,Fielden,cfielden3c@1und1.de,
122,Corny,Flatt,cflatt3d@pagesperso-orange.fr,
123,Lyndsey,Le Franc,llefranc3e@addthis.com,
124,Elissa,Rowler,erowler3f@vimeo.com,
125,Fax,Avramchik,favramchik3g@youku.com,
126,Clywd,Belsey,cbelsey3h@adobe.com,
127,Hasty,Boulding,hboulding3i@freewebs.com,
128,Cchaddie,Lockner,clockner3j@posterous.com,
129,Karlotta,Povlsen,kpovlsen3k@illinois.edu,
130,Corrinne,McGavigan,cmcgavigan3l@homestead.com,
131,Hurley,Crannach,hcrannach3m@hao123.com,
132,Aleda,Snozzwell,asnozzwell3n@google.ru,
133,Lettie,Burnapp,lburnapp3o@blogger.com,
134,Hansiain,Smitheman,hsmitheman3p@deliciousdays.com,
135,Lorry,Gammet,lgammet3q@bbb.org,
136,Jayne,Hallet,jhallet3r@aboutads.info,
137,Rhiamon,Pollendine,rpollendine3s@hhs.gov,
138,Avictor,Calafato,acalafato3t@cpanel.net,
139,Nessie,Basire,nbasire3u@time.com,
140,Cahra,Skace,cskace3v@mlb.com,
141,Kaye,Woodington,kwoodington3w@eepurl.com,
142,Blanca,Ligoe,bligoe3x@histats.com,
143,Alysia,Silburn,asilburn3y@yelp.com,
144,Tate,Bettenson,tbettenson3z@comcast.net,
145,Ches,Eddolls,ceddolls40@seattletimes.com,
146,Torrence,Scotts,tscotts41@yahoo.com,
147,Cody,McClancy,cmcclancy42@npr.org,
148,Larissa,Frigout,lfrigout43@toplist.cz,
149,Carol-jean,Hatzar,chatzar44@addthis.com,
150,Corabella,Brookton,cbrookton45@jiathis.com,
151,Marthena,Jimson,mjimson46@redcross.org,
152,Willa,Trounce,wtrounce47@mtv.com,
153,Oralla,Bourthoumieux,obourthoumieux48@storify.com,
154,Johannes,Wale,jwale49@cbsnews.com,
155,Deena,Spreull,dspreull4a@fotki.com,
156,Hamnet,Rishworth,hrishworth4b@fema.gov,
157,Ann-marie,Garnam,agarnam4c@1und1.de,
158,Iosep,Choake,ichoake4d@forbes.com,
159,Uta,Stockman,ustockman4e@bigcartel.com,
160,Giorgio,Gilvear,ggilvear4f@alibaba.com,
161,Celina,Beggi,cbeggi4g@walmart.com,
162,Nathanael,Antuk,nantuk4h@howstuffworks.com,
163,Nisse,Spellworth,nspellworth4i@list-manage.com,
164,Dex,Hruska,dhruska4j@domainmarket.com,
165,Georgianna,Cleaves,gcleaves4k@jugem.jp,
166,Ninnette,Carillo,ncarillo4l@harvard.edu,
167,Rhys,Lemanu,rlemanu4m@imageshack.us,
168,Rea,Chalfant,rchalfant4n@addtoany.com,
169,Hattie,Hamsher,hhamsher4o@microsoft.com,
170,Kareem,Sherebrooke,ksherebrooke4p@canalblog.com,
171,Brewster,Pattington,bpattington4q@chicagotribune.com,
172,Antonie,Muzzlewhite,amuzzlewhite4r@apache.org,
173,Berk,Palk,bpalk4s@list-manage.com,
174,Ali,Embury,aembury4t@domainmarket.com,
175,Camala,Ibbott,cibbott4u@wunderground.com,
176,Gib,Boyet,gboyet4v@webmd.com,
177,Alwin,Klewer,aklewer4w@biglobe.ne.jp,
178,Letitia,Looker,llooker4x@diigo.com,
179,Ric,Alkins,ralkins4y@state.gov,
180,Sinclair,Ethelston,sethelston4z@ucoz.ru,
181,Theodora,O'Mullaney,tomullaney50@amazonaws.com,
182,Fred,Paff,fpaff51@t-online.de,
183,Isa,Mouat,imouat52@ezinearticles.com,
184,Linet,Gerretsen,lgerretsen53@alexa.com,
185,Eziechiele,McCaig,emccaig54@ow.ly,
186,Lanette,Marielle,lmarielle55@discovery.com,
187,Bobby,Watkinson,bwatkinson56@facebook.com,
188,Auguste,Suett,asuett57@rakuten.co.jp,
189,Adina,Gindghill,agindghill58@mail.ru,
190,Ignaz,Dreini,idreini59@geocities.com,
191,Aldo,Sivill,asivill5a@latimes.com,
192,Lewiss,O'Dulchonta,lodulchonta5b@wordpress.com,
193,Xerxes,Clampett,xclampett5c@barnesandnoble.com,
194,Katee,Skough,kskough5d@gnu.org,
195,Rosemary,Croux,rcroux5e@berkeley.edu,
196,Jennifer,Bartleman,jbartleman5f@google.ru,
197,Easter,Weldrick,eweldrick5g@goo.gl,
198,Magda,Kitteman,mkitteman5h@census.gov,
199,Gertie,Bockett,gbockett5i@jugem.jp,
200,Braden,Schustl,bschustl5j@epa.gov,
201,Avictor,Borge,aborge5k@slideshare.net,
202,Lexis,Campaigne,lcampaigne5l@sina.com.cn,
203,Hersh,Dockwray,hdockwray5m@ucoz.ru,
204,Derek,Tatham,dtatham5n@google.co.jp,
205,Allan,Feavyour,afeavyour5o@ask.com,
206,Fayina,Tuppeny,ftuppeny5p@baidu.com,
207,Jenilee,Paull,jpaull5q@miibeian.gov.cn,
208,Elnore,MacGettigen,emacgettigen5r@fema.gov,
209,Daisey,Enright,denright5s@mac.com,
210,Clarita,Rimington,crimington5t@ovh.net,
211,Chris,Ingold,cingold5u@nymag.com,
212,Arin,Earley,aearley5v@walmart.com,
213,Blayne,McTrustey,bmctrustey5w@virginia.edu,
214,Sterling,Arthey,sarthey5x@fastcompany.com,
215,Angel,Swindley,aswindley5y@g.co,
216,Cletis,Yarham,cyarham5z@arizona.edu,
217,Melonie,Di Frisco,mdifrisco60@adobe.com,
218,Roobbie,Mathelin,rmathelin61@reference.com,
219,Adrien,Navarro,anavarro62@google.co.uk,
220,Findlay,Wavish,fwavish63@aboutads.info,
221,Steffi,Tregenza,stregenza64@berkeley.edu,
222,Brinn,Neeves,bneeves65@qq.com,
223,Corabelle,Burnhams,cburnhams66@squarespace.com,
224,Curran,Cours,ccours67@github.io,
225,Karney,Anton,kanton68@ucla.edu,
226,Cooper,Altree,caltree69@netlog.com,
227,Eldin,Pethick,epethick6a@berkeley.edu,
228,Erin,Bavister,ebavister6b@wikimedia.org,
229,Alexia,Tart,atart6c@xrea.com,
230,Onfre,Cawte,ocawte6d@hp.com,
231,Durward,Manginot,dmanginot6e@seesaa.net,
232,Tucker,Else,telse6f@home.pl,
233,Rene,Stonestreet,rstonestreet6g@sfgate.com,
234,Salomo,Castagnasso,scastagnasso6h@opensource.org,
235,Tamra,Lawrence,tlawrence6i@chron.com,
236,Charissa,Seymark,cseymark6j@eventbrite.com,
237,Wolfie,Seak,wseak6k@unblog.fr,
238,Marietta,Vaney,mvaney6l@a8.net,
239,Joann,Godlip,jgodlip6m@weebly.com,
240,Avie,Parslow,aparslow6n@angelfire.com,
241,Deana,Assad,dassad6o@ox.ac.uk,
242,Korie,MacRannell,kmacrannell6p@hhs.gov,
243,Kayne,Starsmore,kstarsmore6q@rambler.ru,
244,Reynolds,Van Arsdale,rvanarsdale6r@intel.com,
245,Claudelle,Surgenor,csurgenor6s@cisco.com,
246,Sonni,Farrance,sfarrance6t@google.nl,
247,Nicolai,Quartley,nquartley6u@histats.com,
248,Daryn,Sloegrave,dsloegrave6v@who.int,
249,Elton,MacCaughan,emaccaughan6w@netscape.com,
250,Jayme,Greatbach,jgreatbach6x@wisc.edu,
251,Mireille,Vick,mvick6y@weebly.com,
252,Stevena,Skarr,sskarr6z@slashdot.org,
253,Arda,Mengo,amengo70@epa.gov,
254,Mattie,Tschirschky,mtschirschky71@unblog.fr,
255,Katalin,Willoughey,kwilloughey72@stanford.edu,
256,Klement,Adamczewski,kadamczewski73@list-manage.com,
257,Lawton,Riccardini,lriccardini74@storify.com,
258,Way,Lindroos,wlindroos75@buzzfeed.com,
259,Hazel,Twentyman,htwentyman76@networkadvertising.org,
260,Goldarina,Bonner,gbonner77@booking.com,
261,Euell,Menhci,emenhci78@tripod.com,
262,Edna,Blouet,eblouet79@state.gov,
263,Stinky,Hinze,shinze7a@joomla.org,
264,Sharl,Hunday,shunday7b@angelfire.com,
265,Zoe,Playle,zplayle7c@whitehouse.gov,
266,Chance,O' Meara,comeara7d@intel.com,
267,Zulema,Deighan,zdeighan7e@tripadvisor.com,
268,Gilligan,Leamy,gleamy7f@bloglovin.com,
269,Delmer,Surr,dsurr7g@businesswire.com,
270,Sara-ann,Dybbe,sdybbe7h@google.com.hk,
271,Yehudi,Thurgood,ythurgood7i@about.me,
272,Heddi,Seal,hseal7j@geocities.com,
273,Arvie,O'Sherrin,aosherrin7k@imdb.com,
274,Devondra,Costen,dcosten7l@huffingtonpost.com,
275,Carilyn,Genthner,cgenthner7m@sina.com.cn,
276,Shellie,Chrippes,schrippes7n@bloglines.com,
277,Fifi,Mantrip,fmantrip7o@cafepress.com,
278,Brion,Kmietsch,bkmietsch7p@qq.com,
279,Bill,Yacobsohn,byacobsohn7q@mapquest.com,
280,Bondy,McVicker,bmcvicker7r@theglobeandmail.com,
281,Vera,Shepcutt,vshepcutt7s@about.com,
282,Elfreda,Whyman,ewhyman7t@hatena.ne.jp,
283,Tobi,Scurry,tscurry7u@nature.com,
284,Alejandrina,Fernely,afernely7v@dailymotion.com,
285,Deirdre,Tibbits,dtibbits7w@whitehouse.gov,
286,Sylvan,Capponer,scapponer7x@360.cn,
287,Caitrin,Dancey,cdancey7y@thetimes.co.uk,
288,Fraser,Bexon,fbexon7z@ihg.com,
289,Devina,Steven,dsteven80@purevolume.com,
290,Lutero,Layson,llayson81@mapy.cz,
291,Fania,Suttill,fsuttill82@fema.gov,
292,Rossy,Alenichev,ralenichev83@ebay.com,
293,Frannie,Sisnett,fsisnett84@istockphoto.com,
294,Edy,Goch,egoch85@who.int,
295,Minna,Tiesman,mtiesman86@tamu.edu,
296,Elianore,Rubinowitch,erubinowitch87@wikispaces.com,
297,Clovis,Luchetti,cluchetti88@wired.com,
298,Christy,Delgardo,cdelgardo89@geocities.jp,
299,Gerome,Carlsen,gcarlsen8a@comcast.net,
300,Bennie,Petel,bpetel8b@patch.com,
301,Colas,Kilbane,ckilbane8c@army.mil,
302,Sayers,Carneck,scarneck8d@reddit.com,
303,Berty,Delph,bdelph8e@ucoz.com,
304,Ruddie,Bagwell,rbagwell8f@list-manage.com,
305,Nita,Gabriel,ngabriel8g@nsw.gov.au,
306,Thorny,Yeoman,tyeoman8h@hubpages.com,
307,Warde,Treversh,wtreversh8i@google.it,
308,Cathy,Beach,cbeach8j@cisco.com,
309,Bette-ann,Knibbs,bknibbs8k@eventbrite.com,
310,Dorothy,Bigley,dbigley8l@lycos.com,
311,Danna,Arnaudet,darnaudet8m@nymag.com,
312,Shara,Ellery,sellery8n@google.fr,
313,Clemence,Parks,cparks8o@etsy.com,
314,Erma,Schachter,eschachter8p@uiuc.edu,
315,Gabrielle,Burchess,gburchess8q@freewebs.com,
316,Jim,Larret,jlarret8r@vkontakte.ru,
317,Kerry,Metts,kmetts8s@taobao.com,
318,Gladi,Longmuir,glongmuir8t@ebay.co.uk,
319,Daffi,Eggerton,deggerton8u@dot.gov,
320,Roma,Gerrie,rgerrie8v@tiny.cc,
321,Jaynell,Bartalini,jbartalini8w@storify.com,
322,Morgan,Smidmor,msmidmor8x@nba.com,
323,Patrice,Jannings,pjannings8y@google.cn,
324,Fleming,Cleugh,fcleugh8z@infoseek.co.jp,
325,Joan,Pavlenko,jpavlenko90@rediff.com,
326,Brena,Lafrentz,blafrentz91@cocolog-nifty.com,
327,Connie,Trodd,ctrodd92@google.es,
328,Mel,Cathee,mcathee93@shareasale.com,
329,Dela,Eliasson,deliasson94@redcross.org,
330,Renaud,Holbury,rholbury95@delicious.com,
331,Mortimer,Glassopp,mglassopp96@webs.com,
332,Jemie,Smithyman,jsmithyman97@princeton.edu,
333,Madison,Dransfield,mdransfield98@wordpress.com,
334,Hadlee,Doctor,hdoctor99@yahoo.com,
335,Morna,Shelp,mshelp9a@shinystat.com,
336,Nessy,Bench,nbench9b@infoseek.co.jp,
337,Ansel,Wooton,awooton9c@reuters.com,
338,Terri,Pashley,tpashley9d@gov.uk,
339,Reg,Keyzman,rkeyzman9e@intel.com,
340,Miller,Grinsted,mgrinsted9f@cmu.edu,
341,Dulcia,Owtram,dowtram9g@xinhuanet.com,
342,Andrew,Samudio,asamudio9h@theglobeandmail.com,
343,Hanna,Dewerson,hdewerson9i@google.co.jp,
344,Kearney,Itzkin,kitzkin9j@sfgate.com,
345,Maurie,Pelos,mpelos9k@utexas.edu,
346,Sybilla,Jarret,sjarret9l@dropbox.com,
347,Melicent,Colebourn,mcolebourn9m@mysql.com,
348,Blinni,Lavers,blavers9n@dmoz.org,
349,Locke,McIvor,lmcivor9o@soup.io,
350,Letta,Joerning,ljoerning9p@mapquest.com,
351,Waring,Yeoman,wyeoman9q@slideshare.net,
352,Brenden,Stellman,bstellman9r@vk.com,
353,Marrilee,Coatsworth,mcoatsworth9s@google.es,
354,Kain,Bartul,kbartul9t@blogspot.com,
355,Kaspar,Pilling,kpilling9u@alexa.com,
356,Brandyn,Rosbotham,brosbotham9v@over-blog.com,
357,Anette,Dallas,adallas9w@yolasite.com,
358,Mayne,Creasey,mcreasey9x@arstechnica.com,
359,Tara,Blint,tblint9y@amazon.co.uk,
360,Steward,Voelker,svoelker9z@mayoclinic.com,
361,Antons,Rheaume,arheaumea0@scribd.com,
362,Alix,Miche,amichea1@nps.gov,
363,Evangelina,Renforth,erenfortha2@ucsd.edu,
364,Gerald,Lawling,glawlinga3@illinois.edu,
365,Gratia,Jones,gjonesa4@mac.com,
366,Dalton,Brave,dbravea5@shutterfly.com,
367,Edmund,Durdle,edurdlea6@behance.net,
368,Bobinette,Duggan,bduggana7@plala.or.jp,
369,Kaitlyn,Whitehorn,kwhitehorna8@tripod.com,
370,Ameline,Fend,afenda9@dropbox.com,
371,Zach,Hatrick,zhatrickaa@upenn.edu,
372,Adams,Mealand,amealandab@virginia.edu,
373,Corie,Gepp,cgeppac@joomla.org,
374,Alvira,Pere,aperead@instagram.com,
375,Arin,Braznell,abraznellae@disqus.com,
376,Brenna,Thornborrow,bthornborrowaf@apache.org,
377,Conant,Roggeman,croggemanag@fastcompany.com,
378,Jimmy,MacClancey,jmacclanceyah@sciencedaily.com,
379,Reuben,Baulcombe,rbaulcombeai@businesswire.com,
380,Lizbeth,Shields,lshieldsaj@nsw.gov.au,
381,Franny,Keyworth,fkeyworthak@alibaba.com,
382,Zabrina,Gommes,zgommesal@deliciousdays.com,
383,Robbert,Wickenden,rwickendenam@skyrock.com,
384,Marrissa,Greenstock,mgreenstockan@naver.com,
385,Ellwood,Pelosi,epelosiao@slate.com,
386,Raimund,Sutworth,rsutworthap@ted.com,
387,Lief,Haselup,lhaselupaq@quantcast.com,
388,Jordanna,Fluck,jfluckar@digg.com,
389,Haskel,Haggleton,hhaggletonas@google.fr,
390,Thorvald,Fould,tfouldat@cdc.gov,
391,Leonora,Ripping,lrippingau@ovh.net,
392,Orella,Kalinsky,okalinskyav@fema.gov,
393,Sephira,McClarence,smcclarenceaw@fastcompany.com,
394,Isidoro,Mc Pake,imcpakeax@cmu.edu,
395,Bonnibelle,Wehden,bwehdenay@twitter.com,
396,Gleda,Bassick,gbassickaz@deviantart.com,
397,Adolphus,Ohlsen,aohlsenb0@joomla.org,
398,Lu,Daws,ldawsb1@blogspot.com,
399,Sancho,Trotter,strotterb2@multiply.com,
400,Octavius,Hargate,ohargateb3@reverbnation.com,
401,Tamarra,McGuffog,tmcguffogb4@sciencedaily.com,
402,Jemmie,Sacks,jsacksb5@ca.gov,
403,Gianina,Van der Velde,gvanderveldeb6@usa.gov,
404,Cathy,Lascelles,clascellesb7@indiatimes.com,
405,Hinze,Faulconer,hfaulconerb8@desdev.cn,
406,Merrel,Prothero,mprotherob9@google.fr,
407,Pia,Hutchins,phutchinsba@51.la,
408,Tuck,Bees,tbeesbb@harvard.edu,
409,Charmion,Speak,cspeakbc@omniture.com,
410,Ronalda,Rabbage,rrabbagebd@artisteer.com,
411,Leanora,Jacobssen,ljacobssenbe@cbslocal.com,
412,Jacynth,Batkin,jbatkinbf@cargocollective.com,
413,Olag,Chopy,ochopybg@loc.gov,
414,Stinky,Braksper,sbraksperbh@spiegel.de,
415,Ronny,Cormode,rcormodebi@purevolume.com,
416,Gianina,MacCostye,gmaccostyebj@storify.com,
417,Isabella,Brinklow,ibrinklowbk@npr.org,
418,Walther,Witcherley,wwitcherleybl@msu.edu,
419,Neill,Luttgert,nluttgertbm@slideshare.net,
420,Terrijo,Dat,tdatbn@com.com,
421,Yale,Corder,ycorderbo@delicious.com,
422,Lorna,Philimore,lphilimorebp@csmonitor.com,
423,Chryste,Oxborrow,coxborrowbq@about.com,
424,Gail,Blasik,gblasikbr@paginegialle.it,
425,Doti,McClinton,dmcclintonbs@elegantthemes.com,
426,Chiarra,Adamovitch,cadamovitchbt@thetimes.co.uk,
427,Koralle,Dybald,kdybaldbu@who.int,
428,Alfie,McCahey,amccaheybv@opensource.org,
429,Kipp,Shillitto,kshillittobw@tripadvisor.com,
430,Manya,Gerardet,mgerardetbx@linkedin.com,
431,Yale,Sketchley,ysketchleyby@prweb.com,
432,Rolland,Skells,rskellsbz@simplemachines.org,
433,Twila,Greenslade,tgreensladec0@dyndns.org,
434,Christan,Huban,chubanc1@wikia.com,
435,Agnesse,Dincey,adinceyc2@friendfeed.com,
436,Rebecca,Rawcliffe,rrawcliffec3@usa.gov,
437,Hortensia,Feary,hfearyc4@umich.edu,
438,Cecilia,Casado,ccasadoc5@bandcamp.com,
439,Dean,Tute,dtutec6@clickbank.net,
440,Marlon,Schrei,mschreic7@gizmodo.com,
441,Kalina,Leser,kleserc8@moonfruit.com,
442,Josepha,Dymick,jdymickc9@mediafire.com,
443,Alfonso,Burgisi,aburgisica@google.nl,
444,Mort,Santi,msanticb@indiegogo.com,
445,Lynnelle,Pimblott,lpimblottcc@fema.gov,
446,Jackie,Gantzer,jgantzercd@cnn.com,
447,Job,Chance,jchancece@arizona.edu,
448,Sabra,Hurn,shurncf@flavors.me,
449,Nadya,Woollcott,nwoollcottcg@kickstarter.com,
450,Wit,Cropper,wcropperch@yale.edu,
451,Norbert,Iohananof,niohananofci@fema.gov,
452,Ronica,Poytres,rpoytrescj@dot.gov,
453,Alica,Cuell,acuellck@biglobe.ne.jp,
454,Edy,Landeg,elandegcl@rediff.com,
455,Mollie,O'Cullen,mocullencm@nyu.edu,
456,Chrysler,Prati,cpraticn@techcrunch.com,
457,Hughie,Whisker,hwhiskerco@list-manage.com,
458,Kippar,Wooler,kwoolercp@nsw.gov.au,
459,Kimmi,MacRannell,kmacrannellcq@furl.net,
460,Suellen,Haslewood,shaslewoodcr@uiuc.edu,
461,Norby,Jefford,njeffordcs@virginia.edu,
462,Natalina,Fores,nforesct@bravesites.com,
463,Harlen,Bremen,hbremencu@salon.com,
464,Madella,Summerhayes,msummerhayescv@freewebs.com,
465,Haze,Bento,hbentocw@1688.com,
466,Isak,Matkovic,imatkoviccx@forbes.com,
467,Jaye,Ovesen,jovesency@elegantthemes.com,
468,Arty,Itzhaiek,aitzhaiekcz@unesco.org,
469,Alfonse,Uccello,auccellod0@ibm.com,
470,Dinnie,Ellacott,dellacottd1@cpanel.net,
471,Raimondo,Landor,rlandord2@hud.gov,
472,Moria,Jouen,mjouend3@house.gov,
473,Gabi,Esplin,gesplind4@hhs.gov,
474,Lelah,McKniely,lmcknielyd5@infoseek.co.jp,
475,Gregory,Jentin,gjentind6@un.org,
476,Gerek,Gerring,ggerringd7@squarespace.com,
477,Gweneth,MacAindreis,gmacaindreisd8@bloomberg.com,
478,Dalila,Simmons,dsimmonsd9@scientificamerican.com,
479,Jeannie,Allso,jallsoda@bandcamp.com,
480,Kippy,Rabley,krableydb@google.com.hk,
481,Angelo,McDavid,amcdaviddc@bigcartel.com,
482,Rolland,Leahair,rleahairdd@walmart.com,
483,Ardenia,Bever,abeverde@dailymotion.com,
484,Loralie,de Merida,ldemeridadf@businesswire.com,
485,Lanette,Alyoshin,lalyoshindg@apple.com,
486,Sydel,Neubigging,sneubiggingdh@eventbrite.com,
487,Chet,Battersby,cbattersbydi@arstechnica.com,
488,Rozele,McGonnell,rmcgonnelldj@acquirethisname.com,
489,Georgie,Mobley,gmobleydk@unesco.org,
490,Haleigh,Grigson,hgrigsondl@telegraph.co.uk,
491,Misty,Dorro,mdorrodm@simplemachines.org,
492,Nonna,Kleeborn,nkleeborndn@edublogs.org,
493,Morie,Collecott,mcollecottdo@unicef.org,
494,Alva,Highman,ahighmandp@spotify.com,
495,Trent,Dressel,tdresseldq@printfriendly.com,
496,Sander,Flahive,sflahivedr@nifty.com,
497,Gearalt,Gregon,ggregonds@123-reg.co.uk,
498,Sigfried,Itzhak,sitzhakdt@senate.gov,
499,Gordon,Brister,gbristerdu@earthlink.net,
500,Dunn,Kasher,dkasherdv@technorati.com,
501,Barri,Nadin,bnadindw@mail.ru,
502,Darwin,De Laci,ddelacidx@comcast.net,
503,Anatollo,Rowlstone,arowlstonedy@discovery.com,
504,Joyan,Laverenz,jlaverenzdz@aol.com,
505,Eddy,Lyston,elystone0@artisteer.com,
506,Carroll,Tredinnick,ctredinnicke1@shutterfly.com,
507,Ethelda,Pagel,epagele2@wordpress.com,
508,Nolly,Helks,nhelkse3@biblegateway.com,
509,Ulberto,Bredgeland,ubredgelande4@unc.edu,
510,Anabella,Wyldbore,awyldboree5@baidu.com,
511,Wilek,Bleby,wblebye6@sourceforge.net,
512,Solly,Cheavin,scheavine7@illinois.edu,
513,Gretal,Neighbour,gneighboure8@goodreads.com,
514,Simone,Murtell,smurtelle9@amazon.co.uk,
515,Gilbert,Dyos,gdyosea@cornell.edu,
516,Rachel,Mahoney,rmahoneyeb@google.pl,
517,Aidan,Stockill,astockillec@go.com,
518,Tiphanie,Tarzey,ttarzeyed@smh.com.au,
519,Tabbie,Sudran,tsudranee@theglobeandmail.com,
520,Malvina,Bispham,mbisphamef@sohu.com,
521,Stanly,Terbrug,sterbrugeg@yale.edu,
522,Peder,Vaz,pvazeh@webs.com,
523,May,Garnsey,mgarnseyei@usa.gov,
524,Elicia,Dissman,edissmanej@reverbnation.com,
525,Bryna,Monkleigh,bmonkleighek@china.com.cn,
526,Orbadiah,Blowin,oblowinel@g.co,
527,Vernon,Beaty,vbeatyem@cnbc.com,
528,Adriano,Dietz,adietzen@statcounter.com,
529,Freddie,Ovise,foviseeo@census.gov,
530,Ange,Baudic,abaudicep@artisteer.com,
531,Merrili,Germain,mgermaineq@csmonitor.com,
532,Reggis,Everil,reveriler@devhub.com,
533,Silvano,Valentino,svalentinoes@apple.com,
534,Ivie,Mattiassi,imattiassiet@is.gd,
535,Hunter,Capron,hcaproneu@harvard.edu,
536,Gail,Joinsey,gjoinseyev@npr.org,
537,Meryl,Johannes,mjohannesew@sina.com.cn,
538,Yalonda,Sterre,ysterreex@blogs.com,
539,Donny,Marcombe,dmarcombeey@imdb.com,
540,Vic,Oiller,voillerez@paypal.com,
541,Cahra,Bertin,cbertinf0@nyu.edu,
542,Sonnie,Counter,scounterf1@eventbrite.com,
543,Hobie,Vinick,hvinickf2@businesswire.com,
544,Dinah,Going,dgoingf3@sina.com.cn,
545,Catlin,Louden,cloudenf4@amazon.de,
546,Blair,Harmond,bharmondf5@reverbnation.com,
547,Francis,Platfoot,fplatfootf6@ustream.tv,
548,Georgetta,Daffern,gdaffernf7@businesswire.com,
549,Pincas,Cheal,pchealf8@de.vu,
550,Morgen,Crewes,mcrewesf9@tripod.com,
551,Cyrillus,Jepensen,cjepensenfa@google.pl,
552,Sloan,Lavington,slavingtonfb@ed.gov,
553,Nydia,Demeter,ndemeterfc@de.vu,
554,Maurise,Garn,mgarnfd@yandex.ru,
555,Joan,Jellyman,jjellymanfe@ucsd.edu,
556,Jeffry,Askham,jaskhamff@fema.gov,
557,Hatty,Petran,hpetranfg@zdnet.com,
558,Sigmund,Clewes,sclewesfh@cbsnews.com,
559,Janeczka,Glidder,jglidderfi@fda.gov,
560,Hailee,Toppas,htoppasfj@ustream.tv,
561,Trumann,Philps,tphilpsfk@mlb.com,
562,Gwenette,Bulger,gbulgerfl@cmu.edu,
563,Raynard,Petch,rpetchfm@google.ca,
564,Thom,Robers,trobersfn@engadget.com,
565,Nara,Pylkynyton,npylkynytonfo@google.fr,
566,Almeta,Murcott,amurcottfp@answers.com,
567,Nate,Bramham,nbramhamfq@comcast.net,
568,Myrtice,Winnett,mwinnettfr@1und1.de,
569,Kay,Wilmott,kwilmottfs@bbc.co.uk,
570,Inesita,Hannigane,ihanniganeft@mayoclinic.com,
571,Gal,Brightey,gbrighteyfu@last.fm,
572,Duky,Cronchey,dcroncheyfv@webs.com,
573,Luisa,Broughton,lbroughtonfw@tumblr.com,
574,Quill,Satterley,qsatterleyfx@example.com,
575,Cornelia,De Goey,cdegoeyfy@tripadvisor.com,
576,Osgood,Aldersey,oalderseyfz@yellowpages.com,
577,Jemimah,Tonbridge,jtonbridgeg0@apache.org,
578,Arda,Domican,adomicang1@time.com,
579,Roshelle,Braban,rbrabang2@census.gov,
580,Cass,Maulden,cmauldeng3@biblegateway.com,
581,Carver,Verchambre,cverchambreg4@comsenz.com,
582,Giff,Puddin,gpudding5@xing.com,
583,Nannette,Sigg,nsiggg6@house.gov,
584,Suellen,McCuis,smccuisg7@arstechnica.com,
585,Nadia,Lowen,nloweng8@homestead.com,
586,Mallory,Fontenot,mfontenotg9@miibeian.gov.cn,
587,Hill,Richmond,hrichmondga@behance.net,
588,Gwenny,Nourse,gnoursegb@unblog.fr,
589,Willie,Kermath,wkermathgc@ustream.tv,
590,Cesare,Barrim,cbarrimgd@trellian.com,
591,Audrey,Jahn,ajahnge@livejournal.com,
592,Marena,Wilby,mwilbygf@google.com,
593,Olivie,Dunsford,odunsfordgg@ucla.edu,
594,Trace,Mish,tmishgh@sun.com,
595,Bonnibelle,Darwin,bdarwingi@bbc.co.uk,
596,Ninnetta,Couthard,ncouthardgj@amazonaws.com,
597,Oates,Reiling,oreilinggk@goo.gl,
598,Bertie,Tebbutt,btebbuttgl@netscape.com,
599,Rivalee,Blundon,rblundongm@businessinsider.com,
600,Demott,Huonic,dhuonicgn@list-manage.com,
601,Cleve,Sandison,csandisongo@ocn.ne.jp,
602,Carla,Pietesch,cpieteschgp@feedburner.com,
603,Jay,Meneely,jmeneelygq@mozilla.org,
604,Mohandas,Lark,mlarkgr@lulu.com,
605,Adams,Maryman,amarymangs@cpanel.net,
606,Jenna,Lokier,jlokiergt@mediafire.com,
607,Roberta,Coggins,rcogginsgu@google.co.uk,
608,Ignazio,Fealey,ifealeygv@ftc.gov,
609,Walton,Jeggo,wjeggogw@cisco.com,
610,Jillana,Steer,jsteergx@1und1.de,
611,Cobbie,Lowden,clowdengy@illinois.edu,
612,Mimi,Brigstock,mbrigstockgz@msu.edu,
613,Onfroi,Della,odellah0@arstechnica.com,
614,Phedra,Josuweit,pjosuweith1@instagram.com,
615,Roderic,Lejeune,rlejeuneh2@dagondesign.com,
616,Even,Cuthbertson,ecuthbertsonh3@lycos.com,
617,Misty,Nucciotti,mnucciottih4@nps.gov,
618,Willetta,Lasseter,wlasseterh5@irs.gov,
619,Issie,Goane,igoaneh6@bbc.co.uk,
620,Artemis,Bulford,abulfordh7@nifty.com,
621,Khalil,O'Dreain,kodreainh8@usa.gov,
622,Mab,Bendin,mbendinh9@businessweek.com,
623,Uriel,Keston,ukestonha@epa.gov,
624,Dev,Mayo,dmayohb@bbb.org,
625,Gabriell,Moggie,gmoggiehc@comsenz.com,
626,Tessy,Caddick,tcaddickhd@paypal.com,
627,Anders,Curee,acureehe@stanford.edu,
628,Flem,McAw,fmcawhf@creativecommons.org,
629,Jaime,Biddiss,jbiddisshg@cdbaby.com,
630,Karola,Hasney,khasneyhh@live.com,
631,Harriot,Howse,hhowsehi@bandcamp.com,
632,Celene,Heart,chearthj@google.com,
633,Farlay,Yaneev,fyaneevhk@chicagotribune.com,
634,Marius,Ciubutaro,mciubutarohl@ustream.tv,
635,Linn,Dunphy,ldunphyhm@npr.org,
636,Ysabel,Hinrichs,yhinrichshn@techcrunch.com,
637,Gannon,Rings,gringsho@ow.ly,
638,Cleo,Fyldes,cfyldeshp@admin.ch,
639,Tisha,Gudge,tgudgehq@ca.gov,
640,Kassey,Woolvin,kwoolvinhr@wikimedia.org,
641,Dane,Yurshev,dyurshevhs@naver.com,
642,Kaila,Fairfoot,kfairfootht@chron.com,
643,Payton,Symonds,psymondshu@omniture.com,
644,Marwin,Maskrey,mmaskreyhv@altervista.org,
645,Johnny,Gorghetto,jgorghettohw@about.me,
646,Gillan,Gaywood,ggaywoodhx@bandcamp.com,
647,Candi,Trawin,ctrawinhy@about.me,
648,Chrotoem,Hullyer,chullyerhz@europa.eu,
649,Glenda,Bilston,gbilstoni0@alexa.com,
650,Stillman,Rubes,srubesi1@dion.ne.jp,
651,Moria,Harrowsmith,mharrowsmithi2@harvard.edu,
652,Darda,Lapenna,dlapennai3@dagondesign.com,
653,Charmion,Frany,cfranyi4@de.vu,
654,Langston,McErlaine,lmcerlainei5@patch.com,
655,Sloan,Spencer,sspenceri6@huffingtonpost.com,
656,Diego,Leitche,dleitchei7@un.org,
657,Chick,Hayford,chayfordi8@pbs.org,
658,Karia,Cluderay,kcluderayi9@feedburner.com,
659,Abbie,Chasle,achasleia@samsung.com,
660,Gwenni,Casbolt,gcasboltib@fotki.com,
661,Edna,Durston,edurstonic@cocolog-nifty.com,
662,Gay,Pentony,gpentonyid@t.co,
663,Stevy,McLemon,smclemonie@latimes.com,
664,Denny,Baum,dbaumif@washingtonpost.com,
665,Pasquale,Zoppo,pzoppoig@usa.gov,
666,Laurene,Anan,lananih@blog.com,
667,Analise,Shellsheere,ashellsheereii@cloudflare.com,
668,Cello,Chippindale,cchippindaleij@rediff.com,
669,Florina,Gear,fgearik@engadget.com,
670,Waly,Suart,wsuartil@bloglovin.com,
671,Hadleigh,Vales,hvalesim@artisteer.com,
672,Cyrille,Grassick,cgrassickin@altervista.org,
673,Lalo,Stannett,lstannettio@comsenz.com,
674,Bambie,Vyvyan,bvyvyanip@sbwire.com,
675,Calida,Gillmore,cgillmoreiq@berkeley.edu,
676,Rock,Ivatt,rivattir@newyorker.com,
677,Sheilah,Bursnoll,sbursnollis@posterous.com,
678,Raven,Ulrik,rulrikit@mozilla.org,
679,Valerye,Swine,vswineiu@scribd.com,
680,Sonny,Poley,spoleyiv@unesco.org,
681,Annabel,Lenglet,alengletiw@eventbrite.com,
682,Annadiane,Limer,alimerix@quantcast.com,
683,Ashlin,Clampin,aclampiniy@oracle.com,
684,Friedrick,Hubball,fhubballiz@paypal.com,
685,Flossi,Stelli,fstellij0@whitehouse.gov,
686,Judy,Emma,jemmaj1@xrea.com,
687,Salvatore,Zima,szimaj2@desdev.cn,
688,Rey,Vasilkov,rvasilkovj3@tmall.com,
689,Verney,Arenson,varensonj4@eventbrite.com,
690,Corine,MacCumeskey,cmaccumeskeyj5@infoseek.co.jp,
691,Leonidas,Jouhan,ljouhanj6@hexun.com,
692,Phip,McKeggie,pmckeggiej7@flickr.com,
693,Jerry,Audus,jaudusj8@quantcast.com,
694,Sherlock,Gotmann,sgotmannj9@naver.com,
695,Gage,Baxstare,gbaxstareja@liveinternet.ru,
696,Rockie,Bonass,rbonassjb@privacy.gov.au,
697,Pamelina,Puddin,ppuddinjc@wikimedia.org,
698,Gary,Towson,gtowsonjd@liveinternet.ru,
699,Thibaud,Pickance,tpickanceje@time.com,
700,Meriel,Castleman,mcastlemanjf@who.int,
701,Shanda,Allcock,sallcockjg@mapy.cz,
702,Wolfy,Miguel,wmigueljh@issuu.com,
703,Elbert,Cripin,ecripinji@clickbank.net,
704,Myrlene,Diggin,mdigginjj@networksolutions.com,
705,Boot,Tankin,btankinjk@ebay.com,
706,Randy,Trimbey,rtrimbeyjl@behance.net,
707,Melanie,Latimer,mlatimerjm@geocities.jp,
708,Pavel,Schulz,pschulzjn@com.com,
709,Benny,Braybrooks,bbraybrooksjo@blogspot.com,
710,Darcie,MacLaverty,dmaclavertyjp@issuu.com,
711,Colly,Keoghane,ckeoghanejq@vinaora.com,
712,Inglis,Candey,icandeyjr@economist.com,
713,Glennis,ducarme,gducarmejs@ted.com,
714,Vivianne,Loudyan,vloudyanjt@dot.gov,
715,Umeko,Bingall,ubingallju@meetup.com,
716,Meredith,Phette,mphettejv@domainmarket.com,
717,Horatius,McGavin,hmcgavinjw@google.co.jp,
718,Virginie,Shayler,vshaylerjx@symantec.com,
719,Kalinda,Gregoretti,kgregorettijy@baidu.com,
720,Marcellina,Millett,mmillettjz@fastcompany.com,
721,Inger,Buchett,ibuchettk0@hhs.gov,
722,Martelle,Emanson,memansonk1@symantec.com,
723,Claude,Boorman,cboormank2@google.com.au,
724,Leshia,Manicomb,lmanicombk3@g.co,
725,Scot,Petty,spettyk4@google.com.hk,
726,Lydon,Whitwell,lwhitwellk5@comsenz.com,
727,Shaughn,O'Noland,sonolandk6@imageshack.us,
728,Clarissa,Jacmar,cjacmark7@marketwatch.com,
729,Desdemona,Lain,dlaink8@diigo.com,
730,Maia,Livett,mlivettk9@google.pl,
731,Merrilee,Sellek,msellekka@auda.org.au,
732,Bobbe,Schrir,bschrirkb@epa.gov,
733,Winfred,Crix,wcrixkc@phoca.cz,
734,Neilla,Hearne,nhearnekd@upenn.edu,
735,Aubree,Overil,aoverilke@photobucket.com,
736,Doralia,Keilty,dkeiltykf@hp.com,
737,Brett,Blakey,bblakeykg@baidu.com,
738,Hill,Blasik,hblasikkh@cisco.com,
739,Lennie,Themann,lthemannki@deviantart.com,
740,Robert,Eldered,relderedkj@ihg.com,
741,Ciro,Lysaght,clysaghtkk@imageshack.us,
742,Deidre,Casoni,dcasonikl@smh.com.au,
743,Lissi,Jerok,ljerokkm@1688.com,
744,Alyse,Manuel,amanuelkn@ask.com,
745,Tasha,Scouller,tscoullerko@cbslocal.com,
746,Lacy,McLaggan,lmclaggankp@wikia.com,
747,Waldo,Weeden,wweedenkq@bbb.org,
748,Dannie,Almack,dalmackkr@indiegogo.com,
749,Benson,Jindra,bjindraks@house.gov,
750,Alleen,Birkwood,abirkwoodkt@4shared.com,
751,Meta,Clover,mcloverku@cbc.ca,
752,Sholom,Beston,sbestonkv@opera.com,
753,Claudian,Hinrichs,chinrichskw@smh.com.au,
754,Kelci,Masdon,kmasdonkx@google.it,
755,Barbabas,Tinton,btintonky@creativecommons.org,
756,Merlina,Gotcliff,mgotcliffkz@over-blog.com,
757,Moyra,Boutflour,mboutflourl0@technorati.com,
758,Milton,Gurley,mgurleyl1@biglobe.ne.jp,
759,Craggy,Crossland,ccrosslandl2@exblog.jp,
760,Kessia,Jentin,kjentinl3@rediff.com,
761,Krista,Siddell,ksiddelll4@yellowpages.com,
762,Reagan,Romanini,rromaninil5@nifty.com,
763,Gussi,Ingarfill,gingarfilll6@zdnet.com,
764,Tedmund,Testo,ttestol7@dailymotion.com,
765,Gris,Blanchette,gblanchettel8@google.co.jp,
766,Vance,Kneeland,vkneelandl9@addtoany.com,
767,Eulalie,Bendall,ebendallla@wordpress.org,
768,Rose,Short,rshortlb@fda.gov,
769,Ashlen,Cloke,aclokelc@arstechnica.com,
770,Ky,Krier,kkrierld@goo.ne.jp,
771,Belva,Garlant,bgarlantle@icio.us,
772,Sherry,Teligin,steliginlf@seattletimes.com,
773,Alicea,Greeve,agreevelg@patch.com,
774,Burlie,Sansome,bsansomelh@networkadvertising.org,
775,Fidela,Wildt,fwildtli@t-online.de,
776,Theresina,Camis,tcamislj@amazon.de,
777,Henry,Rousby,hrousbylk@theguardian.com,
778,Somerset,Cronshaw,scronshawll@amazon.co.jp,
779,Carlen,Sunnex,csunnexlm@sphinn.com,
780,Susette,Elles,sellesln@chicagotribune.com,
781,Alie,O'Criane,aocrianelo@deliciousdays.com,
782,Aubrie,Late,alatelp@hugedomains.com,
783,Kamila,Lorkin,klorkinlq@geocities.com,
784,Cyndi,Finder,cfinderlr@bloglovin.com,
785,Garrott,Roles,grolesls@vimeo.com,
786,Baily,Dobing,bdobinglt@cocolog-nifty.com,
787,Audry,Rusbridge,arusbridgelu@washingtonpost.com,
788,Vaclav,Toppas,vtoppaslv@kickstarter.com,
789,Lizzy,Portinari,lportinarilw@webnode.com,
790,Valenka,Slowey,vsloweylx@twitter.com,
791,Madelaine,Michelle,mmichellely@google.com.br,
792,Gus,Allbut,gallbutlz@globo.com,
793,Gardener,Gommes,ggommesm0@usatoday.com,
794,Karoly,Eatherton,keathertonm1@de.vu,
795,Sheena,Ladd,sladdm2@yellowpages.com,
796,Daryl,Cordingley,dcordingleym3@cam.ac.uk,
797,Nanon,McAline,nmcalinem4@mlb.com,
798,Cathlene,Bafford,cbaffordm5@cdc.gov,
799,Basia,Blundell,bblundellm6@dmoz.org,
800,Katti,Yesenev,kyesenevm7@whitehouse.gov,
801,Lyn,Clunie,lcluniem8@umn.edu,
802,Lona,Frankum,lfrankumm9@nbcnews.com,
803,Ase,Valeri,avalerima@angelfire.com,
804,Godart,Gussin,ggussinmb@1688.com,
805,Derrik,MacMarcuis,dmacmarcuismc@vinaora.com,
806,Tony,Tunnock,ttunnockmd@ask.com,
807,Fifine,Saffle,fsaffleme@fastcompany.com,
808,Anson,Emblin,aemblinmf@illinois.edu,
809,Salli,Cammidge,scammidgemg@accuweather.com,
810,Mufinella,Pace,mpacemh@lycos.com,
811,Fulton,Melbert,fmelbertmi@163.com,
812,Kristi,Tichelaar,ktichelaarmj@alibaba.com,
813,Richie,Armistead,rarmisteadmk@hexun.com,
814,Cesaro,Arlet,carletml@ovh.net,
815,Venita,Dearing,vdearingmm@paginegialle.it,
816,Essy,Dalliston,edallistonmn@bandcamp.com,
817,Gabriellia,Battin,gbattinmo@multiply.com,
818,Kira,Geist,kgeistmp@npr.org,
819,Dorelle,Benstead,dbensteadmq@japanpost.jp,
820,Ron,Desantis,rdesantismr@slate.com,
821,Sada,Bowkley,sbowkleyms@vk.com,
822,Stace,Gillogley,sgillogleymt@sciencedaily.com,
823,Marie-jeanne,Northey,mnortheymu@domainmarket.com,
824,Helena,Bergeau,hbergeaumv@sohu.com,
825,Rosalynd,Woodhams,rwoodhamsmw@yahoo.com,
826,Andree,Gress,agressmx@usgs.gov,
827,Phillis,Eckh,peckhmy@trellian.com,
828,Millard,Pitbladdo,mpitbladdomz@patch.com,
829,Raychel,Pridgeon,rpridgeonn0@elegantthemes.com,
830,Wynny,Iorizzo,wiorizzon1@unesco.org,
831,Gifford,Bellfield,gbellfieldn2@examiner.com,
832,Flory,Smitheman,fsmithemann3@geocities.com,
833,Shurlock,Jankovic,sjankovicn4@vimeo.com,
834,Jo,Hellier,jhelliern5@telegraph.co.uk,
835,Drucie,Walsom,dwalsomn6@blog.com,
836,Denni,Temprell,dtemprelln7@wufoo.com,
837,Amabel,Verni,avernin8@stanford.edu,
838,Almeda,Davidsen,adavidsenn9@narod.ru,
839,Clark,Grunwall,cgrunwallna@nyu.edu,
840,Lawry,Pack,lpacknb@shinystat.com,
841,Ara,Parnell,aparnellnc@free.fr,
842,Isabelle,Couth,icouthnd@blog.com,
843,Garnet,Rodwell,grodwellne@usgs.gov,
844,Duke,Warsop,dwarsopnf@naver.com,
845,Saba,Dan,sdanng@github.io,
846,Euell,Furniss,efurnissnh@xrea.com,
847,Cati,Yanyushkin,cyanyushkinni@umn.edu,
848,Madlin,Routledge,mroutledgenj@indiatimes.com,
849,Skelly,Scamaden,sscamadennk@fastcompany.com,
850,Julian,Paulson,jpaulsonnl@over-blog.com,
851,Ram,Newcomb,rnewcombnm@cnbc.com,
852,Hammad,Ors,horsnn@digg.com,
853,Klaus,Hartil,khartilno@uiuc.edu,
854,Dionne,Clemensen,dclemensennp@last.fm,
855,Katey,Hoggetts,khoggettsnq@drupal.org,
856,Honey,Knott,hknottnr@newyorker.com,
857,Demott,Dowsing,ddowsingns@google.ca,
858,Ginger,Challinor,gchallinornt@house.gov,
859,Mylo,Shortell,mshortellnu@newyorker.com,
860,Godard,Lampet,glampetnv@wired.com,
861,Osbert,Spurryer,ospurryernw@uol.com.br,
862,Lucho,Oldknow,loldknownx@webs.com,
863,Mitch,Codman,mcodmanny@canalblog.com,
864,Lenette,Daniell,ldaniellnz@columbia.edu,
865,Caryl,Roglieri,croglierio0@go.com,
866,Larissa,Robeson,lrobesono1@ehow.com,
867,Tyson,Drache,tdracheo2@nationalgeographic.com,
868,Cherrita,O'Siaghail,cosiaghailo3@over-blog.com,
869,Wernher,Jahn,wjahno4@qq.com,
870,Dosi,O'Shesnan,doshesnano5@webnode.com,
871,Lorne,Slyvester,lslyvestero6@princeton.edu,
872,Salvidor,Presnail,spresnailo7@altervista.org,
873,Stefania,Bessell,sbessello8@narod.ru,
874,Oralia,Learmonth,olearmontho9@disqus.com,
875,Berrie,Bernardes,bbernardesoa@nature.com,
876,Morlee,Revill,mrevillob@un.org,
877,Etienne,Ucceli,euccelioc@lulu.com,
878,Lolita,Wear,lwearod@nih.gov,
879,Merill,Urlich,murlichoe@nationalgeographic.com,
880,Jeri,Buten,jbutenof@bloomberg.com,
881,Rowan,Tuite,rtuiteog@mysql.com,
882,Emilie,Gruszczak,egruszczakoh@discovery.com,
883,Dale,Sperwell,dsperwelloi@google.ca,
884,Belinda,McGrill,bmcgrilloj@soundcloud.com,
885,Levin,Lorey,lloreyok@fotki.com,
886,Kalila,Jaqueminet,kjaqueminetol@sohu.com,
887,Leyla,Jansik,ljansikom@ox.ac.uk,
888,Katy,Rospars,krosparson@blinklist.com,
889,Rosalia,Halleday,rhalledayoo@about.com,
890,Brian,Doogue,bdoogueop@blogtalkradio.com,
891,Vida,Woolfenden,vwoolfendenoq@ovh.net,
892,Keir,Veal,kvealor@webmd.com,
893,Haleigh,Arnolds,harnoldsos@shutterfly.com,
894,Chlo,Luty,clutyot@loc.gov,
895,Charla,Sennett,csennettou@booking.com,
896,Laurie,Cadman,lcadmanov@tinypic.com,
897,Ronnie,Gowdridge,rgowdridgeow@huffingtonpost.com,
898,Winfield,Rangle,wrangleox@t.co,
899,Atlante,Robak,arobakoy@redcross.org,
900,Reamonn,Luxen,rluxenoz@dailymail.co.uk,
901,Pattin,Andryushin,pandryushinp0@jugem.jp,
902,Tabby,Hassett,thassettp1@zdnet.com,
903,Brier,Kalkofer,bkalkoferp2@who.int,
904,Mariya,Hurt,mhurtp3@indiegogo.com,
905,Ashby,Littlekit,alittlekitp4@naver.com,
906,Aurelea,Bonsey,abonseyp5@a8.net,
907,Orville,Sandyford,osandyfordp6@xing.com,
908,Harman,Perillo,hperillop7@spotify.com,
909,Sascha,Pocke,spockep8@icq.com,
910,Annmaria,Corkitt,acorkittp9@sohu.com,
911,Shamus,Vickerman,svickermanpa@fema.gov,
912,Sheridan,Napoleone,snapoleonepb@jugem.jp,
913,Hyacintha,Vidgeon,hvidgeonpc@digg.com,
914,Xever,Ascough,xascoughpd@irs.gov,
915,Kayne,Frome,kfromepe@pen.io,
916,Standford,Sorrel,ssorrelpf@tumblr.com,
917,Ava,Roumier,aroumierpg@gov.uk,
918,Flora,Bruckental,fbruckentalph@bluehost.com,
919,Othello,Drust,odrustpi@icio.us,
920,Scotty,Jest,sjestpj@studiopress.com,
921,Tyler,Spain-Gower,tspaingowerpk@prweb.com,
922,Krissy,Dunnet,kdunnetpl@soundcloud.com,
923,Louisa,Battison,lbattisonpm@comcast.net,
924,Dalt,Jakubski,djakubskipn@goodreads.com,
925,Tatiana,Dawid,tdawidpo@is.gd,
926,Sigismundo,Dobrovolny,sdobrovolnypp@ycombinator.com,
927,Dieter,Beves,dbevespq@blogtalkradio.com,
928,Tucky,Allanby,tallanbypr@ucoz.com,
929,Earle,Markson,emarksonps@kickstarter.com,
930,Jehanna,Ballentime,jballentimept@omniture.com,
931,Jarad,Gipps,jgippspu@friendfeed.com,
932,Ware,Kime,wkimepv@jigsy.com,
933,Sherwin,Cowans,scowanspw@linkedin.com,
934,Martino,Earry,mearrypx@chronoengine.com,
935,Nerita,Burkart,nburkartpy@reference.com,
936,Hobart,MacScherie,hmacscheriepz@meetup.com,
937,Marci,Nornable,mnornableq0@ftc.gov,
938,Oswell,Deedes,odeedesq1@prweb.com,
939,Aura,Alfonso,aalfonsoq2@youtu.be,
940,Rollie,Ace,raceq3@apple.com,
941,Norma,Alford,nalfordq4@house.gov,
942,Carny,Magenny,cmagennyq5@moonfruit.com,
943,Eartha,Dotterill,edotterillq6@hexun.com,
944,Xenos,Waye,xwayeq7@webnode.com,
945,Laetitia,Guyonneau,lguyonneauq8@ucsd.edu,
946,Rodrigo,Erwin,rerwinq9@businessinsider.com,
947,Joellyn,Bovingdon,jbovingdonqa@icq.com,
948,Nertie,Scurrey,nscurreyqb@google.cn,
949,Alyda,Glaum,aglaumqc@seattletimes.com,
950,Florie,Champness,fchampnessqd@java.com,
951,Henderson,Rimbault,hrimbaultqe@cnn.com,
952,Stearne,Reeve,sreeveqf@phpbb.com,
953,Theodosia,Corrington,tcorringtonqg@wisc.edu,
954,Nessi,Matuszynski,nmatuszynskiqh@cnbc.com,
955,Rana,Klinck,rklinckqi@apple.com,
956,Quintilla,Grealey,qgrealeyqj@china.com.cn,
957,Hillary,Buckbee,hbuckbeeqk@1und1.de,
958,Damaris,O'Scollain,doscollainql@php.net,
959,Corbett,Brilleman,cbrillemanqm@friendfeed.com,
960,Burke,Syseland,bsyselandqn@free.fr,
961,Cassandry,Rubertis,crubertisqo@va.gov,
962,Farlie,Coupar,fcouparqp@toplist.cz,
963,Donaugh,Moodie,dmoodieqq@stanford.edu,
964,Ronald,Furness,rfurnessqr@spiegel.de,
965,Hedvige,Blaycock,hblaycockqs@netvibes.com,
966,Edy,Lammerts,elammertsqt@reuters.com,
967,Ronna,Keyzman,rkeyzmanqu@indiatimes.com,
968,Emerson,Kenningham,ekenninghamqv@sun.com,
969,Caryl,Sheed,csheedqw@dropbox.com,
970,Keen,Castilla,kcastillaqx@slideshare.net,
971,Jim,McMeekan,jmcmeekanqy@harvard.edu,
972,Nisse,Hilbourne,nhilbourneqz@bloglovin.com,
973,Eduino,McGonigal,emcgonigalr0@cocolog-nifty.com,
974,Josefa,Ricciardi,jricciardir1@taobao.com,
975,Adelice,Leythley,aleythleyr2@vk.com,
976,Nicola,Lenahan,nlenahanr3@yelp.com,
977,Jolie,Wear,jwearr4@themeforest.net,
978,Shelba,Fandrich,sfandrichr5@tinypic.com,
979,Patricio,Kerans,pkeransr6@printfriendly.com,
980,Phil,Ballham,pballhamr7@marriott.com,
981,Ravi,Lankford,rlankfordr8@bigcartel.com,
982,Artie,Loyndon,aloyndonr9@google.co.uk,
983,Derril,Golsby,dgolsbyra@icq.com,
984,Maisey,Knock,mknockrb@digg.com,
985,Jammal,Damiral,jdamiralrc@wired.com,
986,Claus,Cuthbert,ccuthbertrd@51.la,
987,Gamaliel,Lampen,glampenre@quantcast.com,
988,Lowrance,Mannakee,lmannakeerf@google.co.jp,
989,Agna,Kalinowsky,akalinowskyrg@blogspot.com,
990,Bronny,Figg,bfiggrh@mapy.cz,
991,Nadya,Hobgen,nhobgenri@free.fr,
992,Orsa,Paunsford,opaunsfordrj@epa.gov,
993,Gianna,Phette,gphetterk@sitemeter.com,
994,Colline,Coite,ccoiterl@arstechnica.com,
995,Carry,Huggen,chuggenrm@comsenz.com,
996,Colin,Myrie,cmyriern@nbcnews.com,
997,Teena,Tyndall,ttyndallro@com.com,
998,Chrisse,Shiril,cshirilrp@blogtalkradio.com,
999,Bing,Keaysell,bkeaysellrq@etsy.com,
1000,Stace,Asp,sasprr@angelfire.com,
